Created;Modified;Side;Factor;Instrument;Client;Underlying instrument;Status text;Venue identifier;Price;Total #;Filled #;Active #;Portfolio;Instrument identifier;CCY;Owner;Status
Friday, May 11, 2018 17:27:29.221;Friday, May 11, 2018 17:27:29.236;Buy;100;SCA B Dec 18 P 230;;SCA B;;0f9e71de-6942-4615-a8a7-76272ad9d3e3;4.00;43;0;43;Unassigned;cd047bba-e30e-11e6-9b00-6012ef97d5c0;SEK;korniychuk;Working
Friday, May 11, 2018 17:27:12.659;Friday, May 11, 2018 17:27:12.700;Buy;2.5;FTMIB European cash Dec 19 P 32000;;FTMIB cash Mar 18 F;Add: SOLA : Message Type is forbidden for current Instrument state.;e6537218-580d-11e3-8f32-645259696e55;7.00;0;0;0;Unassigned;c166bfb8-3faf-11e7-8210-db0f7b3e0183;EUR;korniychuk;Completed
Friday, May 11, 2018 17:26:48.181;Friday, May 11, 2018 17:26:48.222;Buy;2.5;FTMIB European cash Dec 19 P 32000;;FTMIB cash Mar 18 F;Add: SOLA : Message Type is forbidden for current Instrument state.;e6537218-580d-11e3-8f32-645259696e55;7.00;0;0;0;Unassigned;c166bfb8-3faf-11e7-8210-db0f7b3e0183;EUR;korniychuk;Completed
Friday, May 11, 2018 17:26:45.545;Friday, May 11, 2018 17:26:45.587;Buy;2.5;FTMIB European cash Dec 19 P 32000;;FTMIB cash Mar 18 F;Add: SOLA : Message Type is forbidden for current Instrument state.;e6537218-580d-11e3-8f32-645259696e55;7.00;0;0;0;Unassigned;c166bfb8-3faf-11e7-8210-db0f7b3e0183;EUR;korniychuk;Completed
Friday, May 11, 2018 17:26:38.930;Friday, May 11, 2018 17:26:38.975;Sell;2.5;FTMIB European cash Dec 19 P 32000;;FTMIB cash Mar 18 F;Add: eliminated by circuit breaker;e6537218-580d-11e3-8f32-645259696e55;7.00;0;0;0;Unassigned;c166bfb8-3faf-11e7-8210-db0f7b3e0183;EUR;korniychuk;Completed
Friday, May 11, 2018 17:26:26.256;Friday, May 11, 2018 17:26:26.371;Buy;2.5;FTMIB European cash Dec 19 P 32000;;FTMIB cash Mar 18 F;order is in orderbook;e6537218-580d-11e3-8f32-645259696e55;7.00;23;0;23;Unassigned;c166bfb8-3faf-11e7-8210-db0f7b3e0183;EUR;korniychuk;Working
Friday, May 11, 2018 16:51:56.121;Friday, May 11, 2018 16:52:24.218;Buy;2.5;FTMIB European cash Dec 19 P 32000;;FTMIB cash Mar 18 F;cancelled by trader;e6537218-580d-11e3-8f32-645259696e55;6.00;0;0;0;Unassigned;c166bfb8-3faf-11e7-8210-db0f7b3e0183;EUR;korniychuk;Completed
Friday, May 11, 2018 16:51:50.107;Friday, May 11, 2018 16:51:54.181;Buy;2.5;FTMIB European cash Dec 19 P 32000;;FTMIB cash Mar 18 F;cancelled by trader;e6537218-580d-11e3-8f32-645259696e55;6.00;0;0;0;Unassigned;c166bfb8-3faf-11e7-8210-db0f7b3e0183;EUR;korniychuk;Completed
Friday, May 11, 2018 16:51:42.626;Friday, May 11, 2018 16:51:42.627;Buy;2.5;FTMIB European cash Dec 19 P 32000;;FTMIB cash Mar 18 F;Flow: Limit would be breached: Gross value (8856808.93 SEK) exceeds limit (5000000.00 SEK), Net value (5971067.43 SEK) exceeds limit (2000000.00 SEK);e6537218-580d-11e3-8f32-645259696e55;32015.00;0;0;0;Anna;c166bfb8-3faf-11e7-8210-db0f7b3e0183;EUR;korniychuk;Completed
Friday, May 11, 2018 16:51:42.426;Friday, May 11, 2018 16:51:42.427;Buy;2.5;FTMIB European cash Dec 19 P 32000;;FTMIB cash Mar 18 F;Flow: Limit would be breached: Gross value (6496598.30 SEK) exceeds limit (5000000.00 SEK), Net value (3610856.81 SEK) exceeds limit (2000000.00 SEK);e6537218-580d-11e3-8f32-645259696e55;32000.00;0;0;0;Anna;c166bfb8-3faf-11e7-8210-db0f7b3e0183;EUR;korniychuk;Completed
Friday, May 11, 2018 16:51:42.226;Friday, May 11, 2018 16:51:42.228;Buy;2.5;FTMIB European cash Dec 19 P 32000;;FTMIB cash Mar 18 F;Flow: Limit would be breached: Gross value (8069212.36 SEK) exceeds limit (5000000.00 SEK), Net value (5183470.87 SEK) exceeds limit (2000000.00 SEK);e6537218-580d-11e3-8f32-645259696e55;32005.00;0;0;0;Anna;c166bfb8-3faf-11e7-8210-db0f7b3e0183;EUR;korniychuk;Completed
Friday, May 11, 2018 16:51:42.026;Friday, May 11, 2018 16:51:42.027;Buy;2.5;FTMIB European cash Dec 19 P 32000;;FTMIB cash Mar 18 F;Flow: market data or statistics not available for (FTMIB European cash Dec 19 P 32000) in Value limit;e6537218-580d-11e3-8f32-645259696e55;;0;0;0;Anna;c166bfb8-3faf-11e7-8210-db0f7b3e0183;EUR;korniychuk;Completed
Friday, May 11, 2018 16:51:41.626;Friday, May 11, 2018 16:51:41.627;Sell;2.5;FTMIB European cash Dec 19 P 32000;;FTMIB cash Mar 18 F;Flow: Limit would be breached: Gross value (9643177.36 SEK) exceeds limit (5000000.00 SEK), Net value (7307939.18 SEK) exceeds limit (2000000.00 SEK);e6537218-580d-11e3-8f32-645259696e55;32015.00;0;0;0;Anna;c166bfb8-3faf-11e7-8210-db0f7b3e0183;EUR;korniychuk;Completed
Friday, May 11, 2018 16:51:41.026;Friday, May 11, 2018 16:51:41.027;Buy;2.5;FTMIB European cash Dec 19 P 32000;;FTMIB cash Mar 18 F;Flow: Limit would be breached: Gross value (7283089.55 SEK) exceeds limit (5000000.00 SEK), Net value (4397348.06 SEK) exceeds limit (2000000.00 SEK);e6537218-580d-11e3-8f32-645259696e55;32005.00;0;0;0;Anna;c166bfb8-3faf-11e7-8210-db0f7b3e0183;EUR;korniychuk;Completed
Friday, May 11, 2018 16:51:40.426;Friday, May 11, 2018 16:51:40.427;Buy;2.5;FTMIB European cash Dec 19 P 32000;;FTMIB cash Mar 18 F;Flow: Limit would be breached: Gross value (6498440.49 SEK) exceeds limit (5000000.00 SEK), Net value (3612699.00 SEK) exceeds limit (2000000.00 SEK);e6537218-580d-11e3-8f32-645259696e55;32025.00;0;0;0;Anna;c166bfb8-3faf-11e7-8210-db0f7b3e0183;EUR;korniychuk;Completed
Friday, May 11, 2018 16:51:39.826;Friday, May 11, 2018 16:51:39.827;Sell;2.5;FTMIB European cash Dec 19 P 32000;;FTMIB cash Mar 18 F;Flow: Limit would be breached: Gross value (11994913.93 SEK) exceeds limit (5000000.00 SEK), Net value (9659675.75 SEK) exceeds limit (2000000.00 SEK);e6537218-580d-11e3-8f32-645259696e55;31985.00;0;0;0;Anna;c166bfb8-3faf-11e7-8210-db0f7b3e0183;EUR;korniychuk;Completed
Friday, May 11, 2018 16:51:38.426;Friday, May 11, 2018 16:51:38.427;Sell;2.5;FTMIB European cash Dec 19 P 32000;;FTMIB cash Mar 18 F;Flow: market data or statistics not available for (FTMIB European cash Dec 19 P 32000) in Value limit;e6537218-580d-11e3-8f32-645259696e55;;0;0;0;Anna;c166bfb8-3faf-11e7-8210-db0f7b3e0183;EUR;korniychuk;Completed
Friday, May 11, 2018 16:51:37.626;Friday, May 11, 2018 16:51:37.627;Sell;2.5;FTMIB European cash Dec 19 P 32000;;FTMIB cash Mar 18 F;Flow: Limit would be breached: Gross value (12003510.80 SEK) exceeds limit (5000000.00 SEK), Net value (9668272.62 SEK) exceeds limit (2000000.00 SEK);e6537218-580d-11e3-8f32-645259696e55;32020.00;0;0;0;Anna;c166bfb8-3faf-11e7-8210-db0f7b3e0183;EUR;korniychuk;Completed
Friday, May 11, 2018 16:51:37.426;Friday, May 11, 2018 16:51:37.427;Sell;2.5;FTMIB European cash Dec 19 P 32000;;FTMIB cash Mar 18 F;Flow: Limit would be breached: Gross value (9636299.86 SEK) exceeds limit (5000000.00 SEK), Net value (7301061.68 SEK) exceeds limit (2000000.00 SEK);e6537218-580d-11e3-8f32-645259696e55;31975.00;0;0;0;Anna;c166bfb8-3faf-11e7-8210-db0f7b3e0183;EUR;korniychuk;Completed
Friday, May 11, 2018 16:51:36.626;Friday, May 11, 2018 16:51:36.627;Buy;2.5;FTMIB European cash Dec 19 P 32000;;FTMIB cash Mar 18 F;Flow: Limit would be breached: Gross value (6497703.61 SEK) exceeds limit (5000000.00 SEK), Net value (3611962.12 SEK) exceeds limit (2000000.00 SEK);e6537218-580d-11e3-8f32-645259696e55;32015.00;0;0;0;Anna;c166bfb8-3faf-11e7-8210-db0f7b3e0183;EUR;korniychuk;Completed
Friday, May 11, 2018 16:51:36.226;Friday, May 11, 2018 16:51:36.228;Buy;2.5;FTMIB European cash Dec 19 P 32000;;FTMIB cash Mar 18 F;Flow: Limit would be breached: Gross value (6495492.99 SEK) exceeds limit (5000000.00 SEK), Net value (3609751.50 SEK) exceeds limit (2000000.00 SEK);e6537218-580d-11e3-8f32-645259696e55;31985.00;0;0;0;Anna;c166bfb8-3faf-11e7-8210-db0f7b3e0183;EUR;korniychuk;Completed
Friday, May 11, 2018 16:51:36.026;Friday, May 11, 2018 16:51:36.027;Sell;2.5;FTMIB European cash Dec 19 P 32000;;FTMIB cash Mar 18 F;Flow: Limit would be breached: Gross value (7283580.80 SEK) exceeds limit (5000000.00 SEK), Net value (4948342.62 SEK) exceeds limit (2000000.00 SEK);e6537218-580d-11e3-8f32-645259696e55;32010.00;0;0;0;Anna;c166bfb8-3faf-11e7-8210-db0f7b3e0183;EUR;korniychuk;Completed
Friday, May 11, 2018 16:51:35.826;Friday, May 11, 2018 16:51:35.828;Buy;2.5;FTMIB European cash Dec 19 P 32000;;FTMIB cash Mar 18 F;Flow: Limit would be breached: Gross value (9641457.99 SEK) exceeds limit (5000000.00 SEK), Net value (6755716.50 SEK) exceeds limit (2000000.00 SEK);e6537218-580d-11e3-8f32-645259696e55;32005.00;0;0;0;Anna;c166bfb8-3faf-11e7-8210-db0f7b3e0183;EUR;korniychuk;Completed
Friday, May 11, 2018 16:51:35.626;Friday, May 11, 2018 16:51:35.627;Buy;2.5;FTMIB European cash Dec 19 P 32000;;FTMIB cash Mar 18 F;Flow: Limit would be breached: Gross value (7284072.05 SEK) exceeds limit (5000000.00 SEK), Net value (4398330.56 SEK) exceeds limit (2000000.00 SEK);e6537218-580d-11e3-8f32-645259696e55;32015.00;0;0;0;Anna;c166bfb8-3faf-11e7-8210-db0f7b3e0183;EUR;korniychuk;Completed
Friday, May 11, 2018 16:51:35.226;Friday, May 11, 2018 16:51:35.227;Sell;2.5;FTMIB European cash Dec 19 P 32000;;FTMIB cash Mar 18 F;Flow: Limit would be breached: Gross value (9638878.93 SEK) exceeds limit (5000000.00 SEK), Net value (7303640.75 SEK) exceeds limit (2000000.00 SEK);e6537218-580d-11e3-8f32-645259696e55;31990.00;0;0;0;Anna;c166bfb8-3faf-11e7-8210-db0f7b3e0183;EUR;korniychuk;Completed
Friday, May 11, 2018 16:51:34.826;Friday, May 11, 2018 16:51:34.827;Sell;2.5;FTMIB European cash Dec 19 P 32000;;FTMIB cash Mar 18 F;Flow: market data or statistics not available for (FTMIB European cash Dec 19 P 32000) in Value limit;e6537218-580d-11e3-8f32-645259696e55;;0;0;0;Anna;c166bfb8-3faf-11e7-8210-db0f7b3e0183;EUR;korniychuk;Completed
Friday, May 11, 2018 16:51:34.426;Friday, May 11, 2018 16:51:34.427;Buy;2.5;FTMIB European cash Dec 19 P 32000;;FTMIB cash Mar 18 F;Flow: Limit would be breached: Gross value (10430528.30 SEK) exceeds limit (5000000.00 SEK), Net value (7544786.81 SEK) exceeds limit (2000000.00 SEK);e6537218-580d-11e3-8f32-645259696e55;32020.00;0;0;0;Anna;c166bfb8-3faf-11e7-8210-db0f7b3e0183;EUR;korniychuk;Completed
Friday, May 11, 2018 16:51:33.826;Friday, May 11, 2018 16:51:33.827;Sell;2.5;FTMIB European cash Dec 19 P 32000;;FTMIB cash Mar 18 F;Flow: Limit would be breached: Gross value (10431510.80 SEK) exceeds limit (5000000.00 SEK), Net value (8096272.62 SEK) exceeds limit (2000000.00 SEK);e6537218-580d-11e3-8f32-645259696e55;32025.00;0;0;0;Anna;c166bfb8-3faf-11e7-8210-db0f7b3e0183;EUR;korniychuk;Completed
Friday, May 11, 2018 16:51:33.626;Friday, May 11, 2018 16:51:33.627;Sell;2.5;FTMIB European cash Dec 19 P 32000;;FTMIB cash Mar 18 F;Flow: market data or statistics not available for (FTMIB European cash Dec 19 P 32000) in Value limit;e6537218-580d-11e3-8f32-645259696e55;;0;0;0;Anna;c166bfb8-3faf-11e7-8210-db0f7b3e0183;EUR;korniychuk;Completed
Friday, May 11, 2018 16:51:33.226;Friday, May 11, 2018 16:51:33.227;Sell;2.5;FTMIB European cash Dec 19 P 32000;;FTMIB cash Mar 18 F;Flow: Limit would be breached: Gross value (11209282.36 SEK) exceeds limit (5000000.00 SEK), Net value (8874044.18 SEK) exceeds limit (2000000.00 SEK);e6537218-580d-11e3-8f32-645259696e55;31985.00;0;0;0;Anna;c166bfb8-3faf-11e7-8210-db0f7b3e0183;EUR;korniychuk;Completed
Friday, May 11, 2018 16:51:32.026;Friday, May 11, 2018 16:51:32.028;Sell;2.5;FTMIB European cash Dec 19 P 32000;;FTMIB cash Mar 18 F;Flow: Limit would be breached: Gross value (12003510.80 SEK) exceeds limit (5000000.00 SEK), Net value (9668272.62 SEK) exceeds limit (2000000.00 SEK);e6537218-580d-11e3-8f32-645259696e55;32020.00;0;0;0;Anna;c166bfb8-3faf-11e7-8210-db0f7b3e0183;EUR;korniychuk;Completed
Friday, May 11, 2018 16:51:31.226;Friday, May 11, 2018 16:51:31.229;Buy;2.5;FTMIB European cash Dec 19 P 32000;;FTMIB cash Mar 18 F;Flow: Limit would be breached: Gross value (10425615.80 SEK) exceeds limit (5000000.00 SEK), Net value (7539874.31 SEK) exceeds limit (2000000.00 SEK);e6537218-580d-11e3-8f32-645259696e55;31995.00;0;0;0;Anna;c166bfb8-3faf-11e7-8210-db0f7b3e0183;EUR;korniychuk;Completed
Friday, May 11, 2018 16:51:04.777;Friday, May 11, 2018 16:51:04.778;Buy;2.5;FTMIB European cash Dec 19 P 32000;;FTMIB cash Mar 18 F;Flow: there are no matching pre-trade limits for portfolio ""Anna"", owner ""korniychuk"", venue ""Borsa Italiana IDEM"" and instrument ""FTMIB European cash Dec 19 P 32000"";e6537218-580d-11e3-8f32-645259696e55;31995.00;0;0;0;Anna;c166bfb8-3faf-11e7-8210-db0f7b3e0183;EUR;korniychuk;Completed
Friday, May 11, 2018 16:51:04.577;Friday, May 11, 2018 16:51:04.578;Sell;2.5;FTMIB European cash Dec 19 P 32000;;FTMIB cash Mar 18 F;Flow: there are no matching pre-trade limits for portfolio ""Anna"", owner ""korniychuk"", venue ""Borsa Italiana IDEM"" and instrument ""FTMIB European cash Dec 19 P 32000"";e6537218-580d-11e3-8f32-645259696e55;32005.00;0;0;0;Anna;c166bfb8-3faf-11e7-8210-db0f7b3e0183;EUR;korniychuk;Completed
Friday, May 11, 2018 16:51:04.377;Friday, May 11, 2018 16:51:04.379;Sell;2.5;FTMIB European cash Dec 19 P 32000;;FTMIB cash Mar 18 F;Flow: there are no matching pre-trade limits for portfolio ""Anna"", owner ""korniychuk"", venue ""Borsa Italiana IDEM"" and instrument ""FTMIB European cash Dec 19 P 32000"";e6537218-580d-11e3-8f32-645259696e55;31985.00;0;0;0;Anna;c166bfb8-3faf-11e7-8210-db0f7b3e0183;EUR;korniychuk;Completed
Friday, May 11, 2018 16:51:04.177;Friday, May 11, 2018 16:51:04.178;Sell;2.5;FTMIB European cash Dec 19 P 32000;;FTMIB cash Mar 18 F;Flow: there are no matching pre-trade limits for portfolio ""Anna"", owner ""korniychuk"", venue ""Borsa Italiana IDEM"" and instrument ""FTMIB European cash Dec 19 P 32000"";e6537218-580d-11e3-8f32-645259696e55;31990.00;0;0;0;Anna;c166bfb8-3faf-11e7-8210-db0f7b3e0183;EUR;korniychuk;Completed
Friday, May 11, 2018 16:51:03.977;Friday, May 11, 2018 16:51:03.978;Buy;2.5;FTMIB European cash Dec 19 P 32000;;FTMIB cash Mar 18 F;Flow: there are no matching pre-trade limits for portfolio ""Anna"", owner ""korniychuk"", venue ""Borsa Italiana IDEM"" and instrument ""FTMIB European cash Dec 19 P 32000"";e6537218-580d-11e3-8f32-645259696e55;32015.00;0;0;0;Anna;c166bfb8-3faf-11e7-8210-db0f7b3e0183;EUR;korniychuk;Completed
Friday, May 11, 2018 16:51:03.577;Friday, May 11, 2018 16:51:03.578;Sell;2.5;FTMIB European cash Dec 19 P 32000;;FTMIB cash Mar 18 F;Flow: there are no matching pre-trade limits for portfolio ""Anna"", owner ""korniychuk"", venue ""Borsa Italiana IDEM"" and instrument ""FTMIB European cash Dec 19 P 32000"";e6537218-580d-11e3-8f32-645259696e55;32005.00;0;0;0;Anna;c166bfb8-3faf-11e7-8210-db0f7b3e0183;EUR;korniychuk;Completed
Friday, May 11, 2018 16:51:03.377;Friday, May 11, 2018 16:51:03.378;Sell;2.5;FTMIB European cash Dec 19 P 32000;;FTMIB cash Mar 18 F;Flow: there are no matching pre-trade limits for portfolio ""Anna"", owner ""korniychuk"", venue ""Borsa Italiana IDEM"" and instrument ""FTMIB European cash Dec 19 P 32000"";e6537218-580d-11e3-8f32-645259696e55;32005.00;0;0;0;Anna;c166bfb8-3faf-11e7-8210-db0f7b3e0183;EUR;korniychuk;Completed
Friday, May 11, 2018 16:51:02.977;Friday, May 11, 2018 16:51:02.978;Sell;2.5;FTMIB European cash Dec 19 P 32000;;FTMIB cash Mar 18 F;Flow: there are no matching pre-trade limits for portfolio ""Anna"", owner ""korniychuk"", venue ""Borsa Italiana IDEM"" and instrument ""FTMIB European cash Dec 19 P 32000"";e6537218-580d-11e3-8f32-645259696e55;;0;0;0;Anna;c166bfb8-3faf-11e7-8210-db0f7b3e0183;EUR;korniychuk;Completed
Friday, May 11, 2018 16:51:02.777;Friday, May 11, 2018 16:51:02.778;Buy;2.5;FTMIB European cash Dec 19 P 32000;;FTMIB cash Mar 18 F;Flow: there are no matching pre-trade limits for portfolio ""Anna"", owner ""korniychuk"", venue ""Borsa Italiana IDEM"" and instrument ""FTMIB European cash Dec 19 P 32000"";e6537218-580d-11e3-8f32-645259696e55;32015.00;0;0;0;Anna;c166bfb8-3faf-11e7-8210-db0f7b3e0183;EUR;korniychuk;Completed
Friday, May 11, 2018 16:51:02.377;Friday, May 11, 2018 16:51:02.378;Buy;2.5;FTMIB European cash Dec 19 P 32000;;FTMIB cash Mar 18 F;Flow: there are no matching pre-trade limits for portfolio ""Anna"", owner ""korniychuk"", venue ""Borsa Italiana IDEM"" and instrument ""FTMIB European cash Dec 19 P 32000"";e6537218-580d-11e3-8f32-645259696e55;31975.00;0;0;0;Anna;c166bfb8-3faf-11e7-8210-db0f7b3e0183;EUR;korniychuk;Completed
Friday, May 11, 2018 16:51:01.977;Friday, May 11, 2018 16:51:01.978;Buy;2.5;FTMIB European cash Dec 19 P 32000;;FTMIB cash Mar 18 F;Flow: there are no matching pre-trade limits for portfolio ""Anna"", owner ""korniychuk"", venue ""Borsa Italiana IDEM"" and instrument ""FTMIB European cash Dec 19 P 32000"";e6537218-580d-11e3-8f32-645259696e55;32015.00;0;0;0;Anna;c166bfb8-3faf-11e7-8210-db0f7b3e0183;EUR;korniychuk;Completed
Friday, May 11, 2018 16:51:01.777;Friday, May 11, 2018 16:51:01.778;Sell;2.5;FTMIB European cash Dec 19 P 32000;;FTMIB cash Mar 18 F;Flow: there are no matching pre-trade limits for portfolio ""Anna"", owner ""korniychuk"", venue ""Borsa Italiana IDEM"" and instrument ""FTMIB European cash Dec 19 P 32000"";e6537218-580d-11e3-8f32-645259696e55;32025.00;0;0;0;Anna;c166bfb8-3faf-11e7-8210-db0f7b3e0183;EUR;korniychuk;Completed
Friday, May 11, 2018 16:51:01.577;Friday, May 11, 2018 16:51:01.578;Sell;2.5;FTMIB European cash Dec 19 P 32000;;FTMIB cash Mar 18 F;Flow: there are no matching pre-trade limits for portfolio ""Anna"", owner ""korniychuk"", venue ""Borsa Italiana IDEM"" and instrument ""FTMIB European cash Dec 19 P 32000"";e6537218-580d-11e3-8f32-645259696e55;31975.00;0;0;0;Anna;c166bfb8-3faf-11e7-8210-db0f7b3e0183;EUR;korniychuk;Completed
Friday, May 11, 2018 16:51:01.377;Friday, May 11, 2018 16:51:01.378;Buy;2.5;FTMIB European cash Dec 19 P 32000;;FTMIB cash Mar 18 F;Flow: there are no matching pre-trade limits for portfolio ""Anna"", owner ""korniychuk"", venue ""Borsa Italiana IDEM"" and instrument ""FTMIB European cash Dec 19 P 32000"";e6537218-580d-11e3-8f32-645259696e55;32005.00;0;0;0;Anna;c166bfb8-3faf-11e7-8210-db0f7b3e0183;EUR;korniychuk;Completed
Friday, May 11, 2018 16:51:01.177;Friday, May 11, 2018 16:51:01.178;Buy;2.5;FTMIB European cash Dec 19 P 32000;;FTMIB cash Mar 18 F;Flow: there are no matching pre-trade limits for portfolio ""Anna"", owner ""korniychuk"", venue ""Borsa Italiana IDEM"" and instrument ""FTMIB European cash Dec 19 P 32000"";e6537218-580d-11e3-8f32-645259696e55;32000.00;0;0;0;Anna;c166bfb8-3faf-11e7-8210-db0f7b3e0183;EUR;korniychuk;Completed
Friday, May 11, 2018 16:51:00.977;Friday, May 11, 2018 16:51:00.978;Buy;2.5;FTMIB European cash Dec 19 P 32000;;FTMIB cash Mar 18 F;Flow: there are no matching pre-trade limits for portfolio ""Anna"", owner ""korniychuk"", venue ""Borsa Italiana IDEM"" and instrument ""FTMIB European cash Dec 19 P 32000"";e6537218-580d-11e3-8f32-645259696e55;32015.00;0;0;0;Anna;c166bfb8-3faf-11e7-8210-db0f7b3e0183;EUR;korniychuk;Completed
Friday, May 11, 2018 16:51:00.777;Friday, May 11, 2018 16:51:00.778;Sell;2.5;FTMIB European cash Dec 19 P 32000;;FTMIB cash Mar 18 F;Flow: there are no matching pre-trade limits for portfolio ""Anna"", owner ""korniychuk"", venue ""Borsa Italiana IDEM"" and instrument ""FTMIB European cash Dec 19 P 32000"";e6537218-580d-11e3-8f32-645259696e55;31975.00;0;0;0;Anna;c166bfb8-3faf-11e7-8210-db0f7b3e0183;EUR;korniychuk;Completed
Friday, May 11, 2018 16:51:00.577;Friday, May 11, 2018 16:51:00.578;Sell;2.5;FTMIB European cash Dec 19 P 32000;;FTMIB cash Mar 18 F;Flow: there are no matching pre-trade limits for portfolio ""Anna"", owner ""korniychuk"", venue ""Borsa Italiana IDEM"" and instrument ""FTMIB European cash Dec 19 P 32000"";e6537218-580d-11e3-8f32-645259696e55;31975.00;0;0;0;Anna;c166bfb8-3faf-11e7-8210-db0f7b3e0183;EUR;korniychuk;Completed
Friday, May 11, 2018 16:51:00.377;Friday, May 11, 2018 16:51:00.378;Buy;2.5;FTMIB European cash Dec 19 P 32000;;FTMIB cash Mar 18 F;Flow: there are no matching pre-trade limits for portfolio ""Anna"", owner ""korniychuk"", venue ""Borsa Italiana IDEM"" and instrument ""FTMIB European cash Dec 19 P 32000"";e6537218-580d-11e3-8f32-645259696e55;32015.00;0;0;0;Anna;c166bfb8-3faf-11e7-8210-db0f7b3e0183;EUR;korniychuk;Completed
Friday, May 11, 2018 16:51:00.177;Friday, May 11, 2018 16:51:00.178;Sell;2.5;FTMIB European cash Dec 19 P 32000;;FTMIB cash Mar 18 F;Flow: there are no matching pre-trade limits for portfolio ""Anna"", owner ""korniychuk"", venue ""Borsa Italiana IDEM"" and instrument ""FTMIB European cash Dec 19 P 32000"";e6537218-580d-11e3-8f32-645259696e55;31995.00;0;0;0;Anna;c166bfb8-3faf-11e7-8210-db0f7b3e0183;EUR;korniychuk;Completed
Friday, May 11, 2018 16:50:59.977;Friday, May 11, 2018 16:50:59.978;Buy;2.5;FTMIB European cash Dec 19 P 32000;;FTMIB cash Mar 18 F;Flow: there are no matching pre-trade limits for portfolio ""Anna"", owner ""korniychuk"", venue ""Borsa Italiana IDEM"" and instrument ""FTMIB European cash Dec 19 P 32000"";e6537218-580d-11e3-8f32-645259696e55;32020.00;0;0;0;Anna;c166bfb8-3faf-11e7-8210-db0f7b3e0183;EUR;korniychuk;Completed
Friday, May 11, 2018 16:50:59.777;Friday, May 11, 2018 16:50:59.778;Buy;2.5;FTMIB European cash Dec 19 P 32000;;FTMIB cash Mar 18 F;Flow: there are no matching pre-trade limits for portfolio ""Anna"", owner ""korniychuk"", venue ""Borsa Italiana IDEM"" and instrument ""FTMIB European cash Dec 19 P 32000"";e6537218-580d-11e3-8f32-645259696e55;31980.00;0;0;0;Anna;c166bfb8-3faf-11e7-8210-db0f7b3e0183;EUR;korniychuk;Completed
Friday, May 11, 2018 16:50:59.377;Friday, May 11, 2018 16:50:59.378;Buy;2.5;FTMIB European cash Dec 19 P 32000;;FTMIB cash Mar 18 F;Flow: there are no matching pre-trade limits for portfolio ""Anna"", owner ""korniychuk"", venue ""Borsa Italiana IDEM"" and instrument ""FTMIB European cash Dec 19 P 32000"";e6537218-580d-11e3-8f32-645259696e55;32010.00;0;0;0;Anna;c166bfb8-3faf-11e7-8210-db0f7b3e0183;EUR;korniychuk;Completed
Friday, May 11, 2018 16:50:59.177;Friday, May 11, 2018 16:50:59.178;Sell;2.5;FTMIB European cash Dec 19 P 32000;;FTMIB cash Mar 18 F;Flow: there are no matching pre-trade limits for portfolio ""Anna"", owner ""korniychuk"", venue ""Borsa Italiana IDEM"" and instrument ""FTMIB European cash Dec 19 P 32000"";e6537218-580d-11e3-8f32-645259696e55;32015.00;0;0;0;Anna;c166bfb8-3faf-11e7-8210-db0f7b3e0183;EUR;korniychuk;Completed
Friday, May 11, 2018 16:50:58.777;Friday, May 11, 2018 16:50:58.778;Buy;2.5;FTMIB European cash Dec 19 P 32000;;FTMIB cash Mar 18 F;Flow: there are no matching pre-trade limits for portfolio ""Anna"", owner ""korniychuk"", venue ""Borsa Italiana IDEM"" and instrument ""FTMIB European cash Dec 19 P 32000"";e6537218-580d-11e3-8f32-645259696e55;32005.00;0;0;0;Anna;c166bfb8-3faf-11e7-8210-db0f7b3e0183;EUR;korniychuk;Completed
Friday, May 11, 2018 16:50:58.177;Friday, May 11, 2018 16:50:58.178;Buy;2.5;FTMIB European cash Dec 19 P 32000;;FTMIB cash Mar 18 F;Flow: there are no matching pre-trade limits for portfolio ""Anna"", owner ""korniychuk"", venue ""Borsa Italiana IDEM"" and instrument ""FTMIB European cash Dec 19 P 32000"";e6537218-580d-11e3-8f32-645259696e55;32020.00;0;0;0;Anna;c166bfb8-3faf-11e7-8210-db0f7b3e0183;EUR;korniychuk;Completed
Friday, May 11, 2018 16:50:57.777;Friday, May 11, 2018 16:50:57.778;Buy;2.5;FTMIB European cash Dec 19 P 32000;;FTMIB cash Mar 18 F;Flow: there are no matching pre-trade limits for portfolio ""Anna"", owner ""korniychuk"", venue ""Borsa Italiana IDEM"" and instrument ""FTMIB European cash Dec 19 P 32000"";e6537218-580d-11e3-8f32-645259696e55;31985.00;0;0;0;Anna;c166bfb8-3faf-11e7-8210-db0f7b3e0183;EUR;korniychuk;Completed
Friday, May 11, 2018 16:50:56.977;Friday, May 11, 2018 16:50:56.978;Sell;2.5;FTMIB European cash Dec 19 P 32000;;FTMIB cash Mar 18 F;Flow: there are no matching pre-trade limits for portfolio ""Anna"", owner ""korniychuk"", venue ""Borsa Italiana IDEM"" and instrument ""FTMIB European cash Dec 19 P 32000"";e6537218-580d-11e3-8f32-645259696e55;32005.00;0;0;0;Anna;c166bfb8-3faf-11e7-8210-db0f7b3e0183;EUR;korniychuk;Completed
Friday, May 11, 2018 16:50:56.777;Friday, May 11, 2018 16:50:56.778;Sell;2.5;FTMIB European cash Dec 19 P 32000;;FTMIB cash Mar 18 F;Flow: there are no matching pre-trade limits for portfolio ""Anna"", owner ""korniychuk"", venue ""Borsa Italiana IDEM"" and instrument ""FTMIB European cash Dec 19 P 32000"";e6537218-580d-11e3-8f32-645259696e55;32000.00;0;0;0;Anna;c166bfb8-3faf-11e7-8210-db0f7b3e0183;EUR;korniychuk;Completed
Friday, May 11, 2018 16:50:56.577;Friday, May 11, 2018 16:50:56.578;Buy;2.5;FTMIB European cash Dec 19 P 32000;;FTMIB cash Mar 18 F;Flow: there are no matching pre-trade limits for portfolio ""Anna"", owner ""korniychuk"", venue ""Borsa Italiana IDEM"" and instrument ""FTMIB European cash Dec 19 P 32000"";e6537218-580d-11e3-8f32-645259696e55;31995.00;0;0;0;Anna;c166bfb8-3faf-11e7-8210-db0f7b3e0183;EUR;korniychuk;Completed
Friday, May 11, 2018 16:50:55.977;Friday, May 11, 2018 16:50:55.978;Sell;2.5;FTMIB European cash Dec 19 P 32000;;FTMIB cash Mar 18 F;Flow: there are no matching pre-trade limits for portfolio ""Anna"", owner ""korniychuk"", venue ""Borsa Italiana IDEM"" and instrument ""FTMIB European cash Dec 19 P 32000"";e6537218-580d-11e3-8f32-645259696e55;31985.00;0;0;0;Anna;c166bfb8-3faf-11e7-8210-db0f7b3e0183;EUR;korniychuk;Completed
Friday, May 11, 2018 16:50:55.777;Friday, May 11, 2018 16:50:55.778;Sell;2.5;FTMIB European cash Dec 19 P 32000;;FTMIB cash Mar 18 F;Flow: there are no matching pre-trade limits for portfolio ""Anna"", owner ""korniychuk"", venue ""Borsa Italiana IDEM"" and instrument ""FTMIB European cash Dec 19 P 32000"";e6537218-580d-11e3-8f32-645259696e55;31990.00;0;0;0;Anna;c166bfb8-3faf-11e7-8210-db0f7b3e0183;EUR;korniychuk;Completed
Friday, May 11, 2018 16:50:55.577;Friday, May 11, 2018 16:50:55.578;Buy;2.5;FTMIB European cash Dec 19 P 32000;;FTMIB cash Mar 18 F;Flow: there are no matching pre-trade limits for portfolio ""Anna"", owner ""korniychuk"", venue ""Borsa Italiana IDEM"" and instrument ""FTMIB European cash Dec 19 P 32000"";e6537218-580d-11e3-8f32-645259696e55;32010.00;0;0;0;Anna;c166bfb8-3faf-11e7-8210-db0f7b3e0183;EUR;korniychuk;Completed
Friday, May 11, 2018 16:50:54.977;Friday, May 11, 2018 16:50:54.978;Buy;2.5;FTMIB European cash Dec 19 P 32000;;FTMIB cash Mar 18 F;Flow: there are no matching pre-trade limits for portfolio ""Anna"", owner ""korniychuk"", venue ""Borsa Italiana IDEM"" and instrument ""FTMIB European cash Dec 19 P 32000"";e6537218-580d-11e3-8f32-645259696e55;32020.00;0;0;0;Anna;c166bfb8-3faf-11e7-8210-db0f7b3e0183;EUR;korniychuk;Completed
Friday, May 11, 2018 16:50:53.377;Friday, May 11, 2018 16:50:53.378;Buy;2.5;FTMIB European cash Dec 19 P 32000;;FTMIB cash Mar 18 F;Flow: there are no matching pre-trade limits for portfolio ""Anna"", owner ""korniychuk"", venue ""Borsa Italiana IDEM"" and instrument ""FTMIB European cash Dec 19 P 32000"";e6537218-580d-11e3-8f32-645259696e55;31975.00;0;0;0;Anna;c166bfb8-3faf-11e7-8210-db0f7b3e0183;EUR;korniychuk;Completed
Friday, May 11, 2018 16:50:53.177;Friday, May 11, 2018 16:50:53.178;Buy;2.5;FTMIB European cash Dec 19 P 32000;;FTMIB cash Mar 18 F;Flow: there are no matching pre-trade limits for portfolio ""Anna"", owner ""korniychuk"", venue ""Borsa Italiana IDEM"" and instrument ""FTMIB European cash Dec 19 P 32000"";e6537218-580d-11e3-8f32-645259696e55;31975.00;0;0;0;Anna;c166bfb8-3faf-11e7-8210-db0f7b3e0183;EUR;korniychuk;Completed
Friday, May 11, 2018 16:50:52.977;Friday, May 11, 2018 16:50:52.978;Buy;2.5;FTMIB European cash Dec 19 P 32000;;FTMIB cash Mar 18 F;Flow: there are no matching pre-trade limits for portfolio ""Anna"", owner ""korniychuk"", venue ""Borsa Italiana IDEM"" and instrument ""FTMIB European cash Dec 19 P 32000"";e6537218-580d-11e3-8f32-645259696e55;32010.00;0;0;0;Anna;c166bfb8-3faf-11e7-8210-db0f7b3e0183;EUR;korniychuk;Completed
Friday, May 11, 2018 16:50:52.577;Friday, May 11, 2018 16:50:52.578;Sell;2.5;FTMIB European cash Dec 19 P 32000;;FTMIB cash Mar 18 F;Flow: there are no matching pre-trade limits for portfolio ""Anna"", owner ""korniychuk"", venue ""Borsa Italiana IDEM"" and instrument ""FTMIB European cash Dec 19 P 32000"";e6537218-580d-11e3-8f32-645259696e55;31980.00;0;0;0;Anna;c166bfb8-3faf-11e7-8210-db0f7b3e0183;EUR;korniychuk;Completed
Friday, May 11, 2018 16:50:52.177;Friday, May 11, 2018 16:50:52.178;Sell;2.5;FTMIB European cash Dec 19 P 32000;;FTMIB cash Mar 18 F;Flow: there are no matching pre-trade limits for portfolio ""Anna"", owner ""korniychuk"", venue ""Borsa Italiana IDEM"" and instrument ""FTMIB European cash Dec 19 P 32000"";e6537218-580d-11e3-8f32-645259696e55;31990.00;0;0;0;Anna;c166bfb8-3faf-11e7-8210-db0f7b3e0183;EUR;korniychuk;Completed
Friday, May 11, 2018 16:50:51.977;Friday, May 11, 2018 16:50:51.978;Buy;2.5;FTMIB European cash Dec 19 P 32000;;FTMIB cash Mar 18 F;Flow: there are no matching pre-trade limits for portfolio ""Anna"", owner ""korniychuk"", venue ""Borsa Italiana IDEM"" and instrument ""FTMIB European cash Dec 19 P 32000"";e6537218-580d-11e3-8f32-645259696e55;31975.00;0;0;0;Anna;c166bfb8-3faf-11e7-8210-db0f7b3e0183;EUR;korniychuk;Completed
Friday, May 11, 2018 16:50:51.777;Friday, May 11, 2018 16:50:51.778;Sell;2.5;FTMIB European cash Dec 19 P 32000;;FTMIB cash Mar 18 F;Flow: there are no matching pre-trade limits for portfolio ""Anna"", owner ""korniychuk"", venue ""Borsa Italiana IDEM"" and instrument ""FTMIB European cash Dec 19 P 32000"";e6537218-580d-11e3-8f32-645259696e55;32025.00;0;0;0;Anna;c166bfb8-3faf-11e7-8210-db0f7b3e0183;EUR;korniychuk;Completed
Friday, May 11, 2018 16:50:51.177;Friday, May 11, 2018 16:50:51.178;Buy;2.5;FTMIB European cash Dec 19 P 32000;;FTMIB cash Mar 18 F;Flow: there are no matching pre-trade limits for portfolio ""Anna"", owner ""korniychuk"", venue ""Borsa Italiana IDEM"" and instrument ""FTMIB European cash Dec 19 P 32000"";e6537218-580d-11e3-8f32-645259696e55;32020.00;0;0;0;Anna;c166bfb8-3faf-11e7-8210-db0f7b3e0183;EUR;korniychuk;Completed
Friday, May 11, 2018 16:50:50.979;Friday, May 11, 2018 16:50:50.996;Buy;2.5;FTMIB European cash Dec 19 P 32000;;FTMIB cash Mar 18 F;Flow: there are no matching pre-trade limits for portfolio ""Anna"", owner ""korniychuk"", venue ""Borsa Italiana IDEM"" and instrument ""FTMIB European cash Dec 19 P 32000"";e6537218-580d-11e3-8f32-645259696e55;31975.00;0;0;0;Anna;c166bfb8-3faf-11e7-8210-db0f7b3e0183;EUR;korniychuk;Completed
Friday, May 11, 2018 16:50:37.450;Friday, May 11, 2018 16:52:20.260;Sell;1;NOKSEK;;;Canceled;0f9e71de-6942-4615-a8a7-76272ad9d3e3;9.489;0;0;0;Anna;cf774558-e30e-11e6-9b00-6012ef97d5c0;SEK;korniychuk;Completed
Friday, May 11, 2018 16:50:36.850;Friday, May 11, 2018 16:52:20.261;Sell;1;NOKSEK;;;Canceled;0f9e71de-6942-4615-a8a7-76272ad9d3e3;9.484;6;6;0;Anna;cf774558-e30e-11e6-9b00-6012ef97d5c0;SEK;korniychuk;Completed
Friday, May 11, 2018 16:50:36.250;Friday, May 11, 2018 16:50:36.853;Buy;1;NOKSEK;;;;0f9e71de-6942-4615-a8a7-76272ad9d3e3;9.486;6;6;0;Anna;cf774558-e30e-11e6-9b00-6012ef97d5c0;SEK;korniychuk;Completed
Friday, May 11, 2018 16:50:35.850;Friday, May 11, 2018 16:50:35.853;Sell;1;NOKSEK;;;;0f9e71de-6942-4615-a8a7-76272ad9d3e3;9.487;7;7;0;Anna;cf774558-e30e-11e6-9b00-6012ef97d5c0;SEK;korniychuk;Completed
Friday, May 11, 2018 16:50:34.050;Friday, May 11, 2018 16:50:35.853;Buy;1;NOKSEK;;;;0f9e71de-6942-4615-a8a7-76272ad9d3e3;9.487;7;7;0;Anna;cf774558-e30e-11e6-9b00-6012ef97d5c0;SEK;korniychuk;Completed
Friday, May 11, 2018 16:50:33.850;Friday, May 11, 2018 16:50:34.652;Sell;1;NOKSEK;;;Canceled;0f9e71de-6942-4615-a8a7-76272ad9d3e3;9.491;0;0;0;Anna;cf774558-e30e-11e6-9b00-6012ef97d5c0;SEK;korniychuk;Completed
Friday, May 11, 2018 16:50:33.650;Friday, May 11, 2018 16:50:33.653;Buy;1;NOKSEK;;;;0f9e71de-6942-4615-a8a7-76272ad9d3e3;9.494;5;5;0;Anna;cf774558-e30e-11e6-9b00-6012ef97d5c0;SEK;korniychuk;Completed
Friday, May 11, 2018 16:50:33.450;Friday, May 11, 2018 16:52:20.259;Sell;1;NOKSEK;;;Canceled;0f9e71de-6942-4615-a8a7-76272ad9d3e3;9.492;0;0;0;Anna;cf774558-e30e-11e6-9b00-6012ef97d5c0;SEK;korniychuk;Completed
Friday, May 11, 2018 16:50:33.250;Friday, May 11, 2018 16:52:20.260;Sell;1;NOKSEK;;;Canceled;0f9e71de-6942-4615-a8a7-76272ad9d3e3;9.491;0;0;0;Anna;cf774558-e30e-11e6-9b00-6012ef97d5c0;SEK;korniychuk;Completed
Friday, May 11, 2018 16:50:32.450;Friday, May 11, 2018 16:50:36.652;Sell;1;NOKSEK;;;Canceled;0f9e71de-6942-4615-a8a7-76272ad9d3e3;9.499;5;5;0;Anna;cf774558-e30e-11e6-9b00-6012ef97d5c0;SEK;korniychuk;Completed
Friday, May 11, 2018 16:50:32.250;Friday, May 11, 2018 16:50:32.453;Buy;1;NOKSEK;;;;0f9e71de-6942-4615-a8a7-76272ad9d3e3;9.494;6;6;0;Anna;cf774558-e30e-11e6-9b00-6012ef97d5c0;SEK;korniychuk;Completed
Friday, May 11, 2018 16:50:32.050;Friday, May 11, 2018 16:52:20.258;Sell;1;NOKSEK;;;Canceled;0f9e71de-6942-4615-a8a7-76272ad9d3e3;9.498;0;0;0;Anna;cf774558-e30e-11e6-9b00-6012ef97d5c0;SEK;korniychuk;Completed
Friday, May 11, 2018 16:50:31.850;Friday, May 11, 2018 16:50:32.253;Sell;1;NOKSEK;;;;0f9e71de-6942-4615-a8a7-76272ad9d3e3;9.492;11;11;0;Anna;cf774558-e30e-11e6-9b00-6012ef97d5c0;SEK;korniychuk;Completed
Friday, May 11, 2018 16:50:31.650;Friday, May 11, 2018 16:52:20.259;Sell;1;NOKSEK;;;Canceled;0f9e71de-6942-4615-a8a7-76272ad9d3e3;9.501;0;0;0;Anna;cf774558-e30e-11e6-9b00-6012ef97d5c0;SEK;korniychuk;Completed
Friday, May 11, 2018 16:50:30.050;Friday, May 11, 2018 16:50:31.854;Buy;1;NOKSEK;;;;0f9e71de-6942-4615-a8a7-76272ad9d3e3;9.494;10;10;0;Anna;cf774558-e30e-11e6-9b00-6012ef97d5c0;SEK;korniychuk;Completed
Friday, May 11, 2018 16:50:29.850;Friday, May 11, 2018 16:50:31.257;Buy;1;NOKSEK;;;;0f9e71de-6942-4615-a8a7-76272ad9d3e3;9.497;3;3;0;Anna;cf774558-e30e-11e6-9b00-6012ef97d5c0;SEK;korniychuk;Completed
Friday, May 11, 2018 16:50:29.050;Friday, May 11, 2018 16:50:31.254;Buy;1;NOKSEK;;;;0f9e71de-6942-4615-a8a7-76272ad9d3e3;9.50;11;11;0;Anna;cf774558-e30e-11e6-9b00-6012ef97d5c0;SEK;korniychuk;Completed
Friday, May 11, 2018 16:50:28.650;Friday, May 11, 2018 16:50:28.654;Sell;1;NOKSEK;;;;0f9e71de-6942-4615-a8a7-76272ad9d3e3;9.496;9;9;0;Anna;cf774558-e30e-11e6-9b00-6012ef97d5c0;SEK;korniychuk;Completed
Friday, May 11, 2018 16:50:28.450;Friday, May 11, 2018 16:50:30.653;Sell;1;NOKSEK;;;;0f9e71de-6942-4615-a8a7-76272ad9d3e3;9.50;8;8;0;Anna;cf774558-e30e-11e6-9b00-6012ef97d5c0;SEK;korniychuk;Completed
Friday, May 11, 2018 16:50:28.250;Friday, May 11, 2018 16:52:20.260;Sell;1;NOKSEK;;;Canceled;0f9e71de-6942-4615-a8a7-76272ad9d3e3;9.501;8;8;0;Anna;cf774558-e30e-11e6-9b00-6012ef97d5c0;SEK;korniychuk;Completed
Friday, May 11, 2018 16:50:27.850;Friday, May 11, 2018 16:50:28.853;Sell;1;NOKSEK;;;;0f9e71de-6942-4615-a8a7-76272ad9d3e3;9.493;5;5;0;Anna;cf774558-e30e-11e6-9b00-6012ef97d5c0;SEK;korniychuk;Completed
Friday, May 11, 2018 16:50:27.650;Friday, May 11, 2018 16:50:27.654;Sell;1;NOKSEK;;;;0f9e71de-6942-4615-a8a7-76272ad9d3e3;9.505;7;7;0;Anna;cf774558-e30e-11e6-9b00-6012ef97d5c0;SEK;korniychuk;Completed
Friday, May 11, 2018 16:50:27.450;Friday, May 11, 2018 16:50:27.654;Buy;1;NOKSEK;;;;0f9e71de-6942-4615-a8a7-76272ad9d3e3;9.506;3;3;0;Anna;cf774558-e30e-11e6-9b00-6012ef97d5c0;SEK;korniychuk;Completed
Friday, May 11, 2018 16:50:27.050;Friday, May 11, 2018 16:50:36.452;Sell;1;NOKSEK;;;Canceled;0f9e71de-6942-4615-a8a7-76272ad9d3e3;9.495;10;10;0;Anna;cf774558-e30e-11e6-9b00-6012ef97d5c0;SEK;korniychuk;Completed
Friday, May 11, 2018 16:50:26.850;Friday, May 11, 2018 16:50:36.052;Sell;1;NOKSEK;;;Canceled;0f9e71de-6942-4615-a8a7-76272ad9d3e3;9.489;9;9;0;Anna;cf774558-e30e-11e6-9b00-6012ef97d5c0;SEK;korniychuk;Completed
Friday, May 11, 2018 16:50:26.250;Friday, May 11, 2018 16:50:26.253;Sell;1;NOKSEK;;;;0f9e71de-6942-4615-a8a7-76272ad9d3e3;9.505;2;2;0;Anna;cf774558-e30e-11e6-9b00-6012ef97d5c0;SEK;korniychuk;Completed
Friday, May 11, 2018 16:50:25.850;Friday, May 11, 2018 16:50:31.255;Buy;1;NOKSEK;;;;0f9e71de-6942-4615-a8a7-76272ad9d3e3;9.497;11;11;0;Anna;cf774558-e30e-11e6-9b00-6012ef97d5c0;SEK;korniychuk;Completed
Friday, May 11, 2018 16:50:25.450;Friday, May 11, 2018 16:50:25.455;Sell;1;NOKSEK;;;;0f9e71de-6942-4615-a8a7-76272ad9d3e3;9.499;6;6;0;Anna;cf774558-e30e-11e6-9b00-6012ef97d5c0;SEK;korniychuk;Completed
Friday, May 11, 2018 16:50:24.650;Friday, May 11, 2018 16:50:25.454;Buy;1;NOKSEK;;;;0f9e71de-6942-4615-a8a7-76272ad9d3e3;9.504;5;5;0;Anna;cf774558-e30e-11e6-9b00-6012ef97d5c0;SEK;korniychuk;Completed
Friday, May 11, 2018 16:50:24.250;Friday, May 11, 2018 16:50:28.653;Buy;1;NOKSEK;;;;0f9e71de-6942-4615-a8a7-76272ad9d3e3;9.497;7;7;0;Anna;cf774558-e30e-11e6-9b00-6012ef97d5c0;SEK;korniychuk;Completed
Friday, May 11, 2018 16:50:23.650;Friday, May 11, 2018 16:50:27.252;Buy;1;NOKSEK;;;Canceled;0f9e71de-6942-4615-a8a7-76272ad9d3e3;9.50;0;0;0;Anna;cf774558-e30e-11e6-9b00-6012ef97d5c0;SEK;korniychuk;Completed
Friday, May 11, 2018 16:50:23.450;Friday, May 11, 2018 16:50:26.853;Buy;1;NOKSEK;;;;0f9e71de-6942-4615-a8a7-76272ad9d3e3;9.51;4;4;0;Anna;cf774558-e30e-11e6-9b00-6012ef97d5c0;SEK;korniychuk;Completed
Friday, May 11, 2018 16:50:23.250;Friday, May 11, 2018 16:50:28.253;Buy;1;NOKSEK;;;;0f9e71de-6942-4615-a8a7-76272ad9d3e3;9.501;9;9;0;Anna;cf774558-e30e-11e6-9b00-6012ef97d5c0;SEK;korniychuk;Completed
Friday, May 11, 2018 16:50:23.050;Friday, May 11, 2018 16:50:25.252;Buy;1;NOKSEK;;;Canceled;0f9e71de-6942-4615-a8a7-76272ad9d3e3;9.503;2;2;0;Anna;cf774558-e30e-11e6-9b00-6012ef97d5c0;SEK;korniychuk;Completed
Friday, May 11, 2018 16:50:22.650;Friday, May 11, 2018 16:50:22.653;Buy;1;NOKSEK;;;;0f9e71de-6942-4615-a8a7-76272ad9d3e3;9.505;4;4;0;Anna;cf774558-e30e-11e6-9b00-6012ef97d5c0;SEK;korniychuk;Completed
Friday, May 11, 2018 16:50:22.450;Friday, May 11, 2018 16:50:23.053;Sell;1;NOKSEK;;;;0f9e71de-6942-4615-a8a7-76272ad9d3e3;9.50;10;10;0;Anna;cf774558-e30e-11e6-9b00-6012ef97d5c0;SEK;korniychuk;Completed
Friday, May 11, 2018 16:50:22.250;Friday, May 11, 2018 16:50:22.253;Sell;1;NOKSEK;;;;0f9e71de-6942-4615-a8a7-76272ad9d3e3;9.50;4;4;0;Anna;cf774558-e30e-11e6-9b00-6012ef97d5c0;SEK;korniychuk;Completed
Friday, May 11, 2018 16:50:21.050;Friday, May 11, 2018 16:50:21.652;Buy;1;NOKSEK;;;Canceled;0f9e71de-6942-4615-a8a7-76272ad9d3e3;9.50;0;0;0;Anna;cf774558-e30e-11e6-9b00-6012ef97d5c0;SEK;korniychuk;Completed
Friday, May 11, 2018 16:50:20.850;Friday, May 11, 2018 16:50:22.254;Buy;1;NOKSEK;;;;0f9e71de-6942-4615-a8a7-76272ad9d3e3;9.505;4;4;0;Anna;cf774558-e30e-11e6-9b00-6012ef97d5c0;SEK;korniychuk;Completed
Friday, May 11, 2018 16:50:20.450;Friday, May 11, 2018 16:50:22.453;Buy;1;NOKSEK;;;;0f9e71de-6942-4615-a8a7-76272ad9d3e3;9.504;4;4;0;Anna;cf774558-e30e-11e6-9b00-6012ef97d5c0;SEK;korniychuk;Completed
Friday, May 11, 2018 16:50:20.250;Friday, May 11, 2018 16:50:27.653;Buy;1;NOKSEK;;;;0f9e71de-6942-4615-a8a7-76272ad9d3e3;9.506;6;6;0;Anna;cf774558-e30e-11e6-9b00-6012ef97d5c0;SEK;korniychuk;Completed
Friday, May 11, 2018 16:50:20.050;Friday, May 11, 2018 16:50:22.052;Buy;1;NOKSEK;;;Canceled;0f9e71de-6942-4615-a8a7-76272ad9d3e3;9.501;0;0;0;Anna;cf774558-e30e-11e6-9b00-6012ef97d5c0;SEK;korniychuk;Completed
Friday, May 11, 2018 16:50:19.651;Friday, May 11, 2018 16:50:19.852;Sell;1;NOKSEK;;;Canceled;0f9e71de-6942-4615-a8a7-76272ad9d3e3;9.503;0;0;0;Anna;cf774558-e30e-11e6-9b00-6012ef97d5c0;SEK;korniychuk;Completed
Friday, May 11, 2018 16:49:14.012;Friday, May 11, 2018 16:52:32.795;Buy;1;NOKSEK;;;Canceled;0f9e71de-6942-4615-a8a7-76272ad9d3e3;4.00;0;0;0;Unassigned;cf774558-e30e-11e6-9b00-6012ef97d5c0;SEK;korniychuk;Completed
Friday, May 11, 2018 15:24:32.768;Friday, May 11, 2018 16:52:32.796;Buy;100;SCA B Dec 18 C 150;;SCA B;Canceled;0f9e71de-6942-4615-a8a7-76272ad9d3e3;1.00;0;0;0;Unassigned;ccfc8950-e30e-11e6-9b00-6012ef97d5c0;SEK;korniychuk;Completed
Friday, May 11, 2018 15:24:26.417;Friday, May 11, 2018 15:24:29.700;Buy;100;SCA B Dec 18 C 150;;SCA B;Canceled;0f9e71de-6942-4615-a8a7-76272ad9d3e3;1.00;0;0;0;Unassigned;ccfc8950-e30e-11e6-9b00-6012ef97d5c0;SEK;korniychuk;Completed
Friday, May 11, 2018 15:24:18.441;Friday, May 11, 2018 16:52:32.796;Buy;100;SCA B Dec 18 C 150;;SCA B;Canceled;0f9e71de-6942-4615-a8a7-76272ad9d3e3;1.00;0;0;0;Unassigned;ccfc8950-e30e-11e6-9b00-6012ef97d5c0;SEK;korniychuk;Completed
Friday, May 11, 2018 15:24:14.008;Friday, May 11, 2018 15:24:16.763;Buy;100;SCA B Dec 18 C 150;;SCA B;Canceled;0f9e71de-6942-4615-a8a7-76272ad9d3e3;1.00;0;0;0;Unassigned;ccfc8950-e30e-11e6-9b00-6012ef97d5c0;SEK;korniychuk;Completed
Friday, May 11, 2018 15:24:09.456;Friday, May 11, 2018 15:24:11.676;Buy;100;SCA B Dec 18 C 150;;SCA B;Canceled;0f9e71de-6942-4615-a8a7-76272ad9d3e3;1.00;0;0;0;Unassigned;ccfc8950-e30e-11e6-9b00-6012ef97d5c0;SEK;korniychuk;Completed
Friday, May 11, 2018 15:23:27.123;Friday, May 11, 2018 15:24:08.140;Buy;100;SCA B Dec 18 C 150;;SCA B;Canceled;0f9e71de-6942-4615-a8a7-76272ad9d3e3;1.00;0;0;0;Unassigned;ccfc8950-e30e-11e6-9b00-6012ef97d5c0;SEK;korniychuk;Completed
Friday, May 11, 2018 15:00:26.216;Friday, May 11, 2018 15:00:26.315;Buy;100;SCA B Jul 18 C 95;;SCA B;Flow: Limit would be breached: Gross value (5397960.10 SEK) exceeds limit (5000000.00 SEK), Net value (2513518.50 SEK) exceeds limit (2000000.00 SEK);0f9e71de-6942-4615-a8a7-76272ad9d3e3;95.001;0;0;0;Anna;13d875c2-4133-11e8-a3f0-9077a52b3977;SEK;korniychuk;Completed
Friday, May 11, 2018 15:00:26.115;Friday, May 11, 2018 15:00:26.118;Buy;100;SCA B Sep 18 C 100;;SCA B;Flow: Limit would be breached: Gross value (5476966.90 SEK) exceeds limit (5000000.00 SEK), Net value (2592525.30 SEK) exceeds limit (2000000.00 SEK);0f9e71de-6942-4615-a8a7-76272ad9d3e3;100.002;0;0;0;Anna;d61651f0-bf5a-11e7-82b0-2b49db5172e7;SEK;korniychuk;Completed
Friday, May 11, 2018 15:00:26.016;Friday, May 11, 2018 15:00:26.116;Buy;100;SCA B Jun 18 P 92.5;;SCA B;Flow: Limit would be breached: Gross value (5725732.80 SEK) exceeds limit (5000000.00 SEK), Net value (2841291.20 SEK) exceeds limit (2000000.00 SEK);0f9e71de-6942-4615-a8a7-76272ad9d3e3;92.503;0;0;0;Anna;a64433d6-25ba-11e8-83b0-ac1e50a63184;SEK;korniychuk;Completed
Friday, May 11, 2018 15:00:25.915;Friday, May 11, 2018 15:00:25.917;Buy;100;SCA B May 18 P 90;;SCA B;Flow: Limit would be breached: Gross value (5251976.80 SEK) exceeds limit (5000000.00 SEK), Net value (2367535.20 SEK) exceeds limit (2000000.00 SEK);0f9e71de-6942-4615-a8a7-76272ad9d3e3;90.005;0;0;0;Anna;2d3c38f4-1083-11e8-b3c0-78411fbd72d8;SEK;korniychuk;Completed
Friday, May 11, 2018 15:00:25.715;Friday, May 11, 2018 16:52:32.802;Sell;100;SCA B Sep 18 C 62;;SCA B;Canceled;0f9e71de-6942-4615-a8a7-76272ad9d3e3;61.997;0;0;0;Anna;d611278e-bf5a-11e7-82b0-2b49db5172e7;SEK;korniychuk;Completed
Friday, May 11, 2018 15:00:25.616;Friday, May 11, 2018 15:00:25.700;Buy;100;SCA B Jun 18 C 110;;SCA B;Flow: Limit would be breached: Net value (2259523.50 SEK) exceeds limit (2000000.00 SEK);0f9e71de-6942-4615-a8a7-76272ad9d3e3;110.004;0;0;0;Anna;5cd5227c-50be-11e7-b9c0-98b3129a4d32;SEK;korniychuk;Completed
Friday, May 11, 2018 15:00:25.516;Friday, May 11, 2018 16:52:32.798;Buy;100;SCA B Dec 18 P 250;;SCA B;Canceled;0f9e71de-6942-4615-a8a7-76272ad9d3e3;0.997;0;0;0;Anna;cd046f6c-e30e-11e6-9b00-6012ef97d5c0;SEK;korniychuk;Completed
Friday, May 11, 2018 15:00:25.115;Friday, May 11, 2018 16:52:32.803;Sell;100;SCA B Dec 18 P 170;;SCA B;Canceled;0f9e71de-6942-4615-a8a7-76272ad9d3e3;1.008;0;0;0;Anna;cd03b36a-e30e-11e6-9b00-6012ef97d5c0;SEK;korniychuk;Completed
Friday, May 11, 2018 15:00:25.016;Friday, May 11, 2018 15:00:25.075;Buy;100;SCA B Jun 18 P 390;;SCA B;Flow: Limit would be breached: Gross value (7692522.50 SEK) exceeds limit (5000000.00 SEK), Net value (4922554.40 SEK) exceeds limit (2000000.00 SEK);0f9e71de-6942-4615-a8a7-76272ad9d3e3;390.003;0;0;0;Anna;09cafa72-4f2c-11e7-9cd0-8908d45735e5;SEK;korniychuk;Completed
Friday, May 11, 2018 15:00:24.916;Friday, May 11, 2018 15:00:25.038;Sell;100;SCA B Sep 18 C 110;;SCA B;Flow: Limit would be breached: Gross value (5196492.20 SEK) exceeds limit (5000000.00 SEK), Net value (2117328.30 SEK) exceeds limit (2000000.00 SEK);0f9e71de-6942-4615-a8a7-76272ad9d3e3;109.998;0;0;0;Anna;d6167ffe-bf5a-11e7-82b0-2b49db5172e7;SEK;korniychuk;Completed
Friday, May 11, 2018 15:00:24.816;Friday, May 11, 2018 15:00:24.890;Sell;100;SCA B Jun 18 C 120;;SCA B;Add: Rejected, reason [AtMarket orders must have IOC validity];0f9e71de-6942-4615-a8a7-76272ad9d3e3;;0;0;0;Anna;cf7c2718-78d1-11e7-9890-86fa8cb05053;SEK;korniychuk;Completed
Friday, May 11, 2018 15:00:24.716;Friday, May 11, 2018 15:00:24.833;Buy;100;SCA B Jun 18 C 105;;SCA B;Flow: Limit would be breached: Gross value (5681034.80 SEK) exceeds limit (5000000.00 SEK), Net value (2911066.70 SEK) exceeds limit (2000000.00 SEK);0f9e71de-6942-4615-a8a7-76272ad9d3e3;105.004;0;0;0;Anna;a3dd2996-de6f-11e7-8350-40f006b3031e;SEK;korniychuk;Completed
Friday, May 11, 2018 15:00:24.416;Friday, May 11, 2018 15:00:24.525;Sell;100;SCA B Sep 18 C 85;;SCA B;Flow: Limit would be breached: Gross value (5447469.50 SEK) exceeds limit (5000000.00 SEK), Net value (2368312.10 SEK) exceeds limit (2000000.00 SEK);0f9e71de-6942-4615-a8a7-76272ad9d3e3;84.997;0;0;0;Anna;a6440cee-25ba-11e8-83b0-ac1e50a63184;SEK;korniychuk;Completed
Friday, May 11, 2018 15:00:24.215;Friday, May 11, 2018 15:00:24.317;Sell;100;SCA B May 18 C 87.5;;SCA B;Canceled;0f9e71de-6942-4615-a8a7-76272ad9d3e3;87.496;0;0;0;Anna;008296a6-0fba-11e8-b930-0967f0150b8a;SEK;korniychuk;Completed
Friday, May 11, 2018 15:00:24.116;Friday, May 11, 2018 16:52:32.798;Sell;100;SCA B May 18 C 97.5;;SCA B;Canceled;0f9e71de-6942-4615-a8a7-76272ad9d3e3;97.496;0;0;0;Anna;7a1130c0-1b83-11e8-8d40-fc45654f1064;SEK;korniychuk;Completed
Friday, May 11, 2018 15:00:24.016;Friday, May 11, 2018 15:00:24.090;Buy;100;SCA B Dec 18 P 110;;SCA B;Flow: Limit would be breached: Gross value (5230970.70 SEK) exceeds limit (5000000.00 SEK), Net value (3053477.40 SEK) exceeds limit (2000000.00 SEK);0f9e71de-6942-4615-a8a7-76272ad9d3e3;109.995;0;0;0;Anna;5cd1d356-50be-11e7-b9c0-98b3129a4d32;SEK;korniychuk;Completed
Friday, May 11, 2018 15:00:23.816;Friday, May 11, 2018 16:52:32.803;Buy;100;SCA B Jun 18 P 120;;SCA B;Canceled;0f9e71de-6942-4615-a8a7-76272ad9d3e3;120.005;0;0;0;Anna;cf7b2778-78d1-11e7-9890-86fa8cb05053;SEK;korniychuk;Completed
Friday, May 11, 2018 15:00:23.515;Friday, May 11, 2018 16:52:32.801;Sell;100;SCA B Sep 18 C 50;;SCA B;Canceled;0f9e71de-6942-4615-a8a7-76272ad9d3e3;50.001;0;0;0;Anna;d6104940-bf5a-11e7-82b0-2b49db5172e7;SEK;korniychuk;Completed
Friday, May 11, 2018 15:00:23.416;Friday, May 11, 2018 16:52:32.797;Buy;100;SCA B Jul 18 P 92.5;;SCA B;Canceled;0f9e71de-6942-4615-a8a7-76272ad9d3e3;92.50;0;0;0;Anna;13dc35fe-4133-11e8-a3f0-9077a52b3977;SEK;korniychuk;Completed
Friday, May 11, 2018 15:00:23.316;Friday, May 11, 2018 15:00:23.441;Buy;100;SCA B Jun 18 C 130;;SCA B;Flow: Limit would be breached: Gross value (5263513.90 SEK) exceeds limit (5000000.00 SEK), Net value (2266047.20 SEK) exceeds limit (2000000.00 SEK);0f9e71de-6942-4615-a8a7-76272ad9d3e3;130.004;0;0;0;Anna;d91e4dc6-bf5a-11e7-82b0-2b49db5172e7;SEK;korniychuk;Completed
Friday, May 11, 2018 15:00:23.216;Friday, May 11, 2018 15:00:23.297;Buy;100;SCA B Dec 18 C 140;;SCA B;Flow: Limit would be breached: Gross value (5503510.30 SEK) exceeds limit (5000000.00 SEK), Net value (2506043.60 SEK) exceeds limit (2000000.00 SEK);0f9e71de-6942-4615-a8a7-76272ad9d3e3;140.003;0;0;0;Anna;efa15de4-e481-11e7-b2c0-f8c7da4eac24;SEK;korniychuk;Completed
Friday, May 11, 2018 15:00:23.016;Friday, May 11, 2018 16:52:32.801;Sell;100;SCA B Sep 18 C 95;;SCA B;Canceled;0f9e71de-6942-4615-a8a7-76272ad9d3e3;95.002;0;0;0;Anna;a6744b0c-25ba-11e8-83b0-ac1e50a63184;SEK;korniychuk;Completed
Friday, May 11, 2018 15:00:22.616;Friday, May 11, 2018 16:52:32.799;Buy;100;SCA B Dec 18 P 430;;SCA B;Canceled;0f9e71de-6942-4615-a8a7-76272ad9d3e3;2.00;0;0;0;Anna;3da4fef0-e461-11e6-a920-7b365a577463;SEK;korniychuk;Completed
Friday, May 11, 2018 15:00:22.516;Friday, May 11, 2018 15:00:22.600;Buy;100;SCA B Dec 18 C 130;;SCA B;Flow: Limit would be breached: Gross value (5066643.40 SEK) exceeds limit (5000000.00 SEK), Net value (2413713.90 SEK) exceeds limit (2000000.00 SEK);0f9e71de-6942-4615-a8a7-76272ad9d3e3;130.003;0;0;0;Anna;d9157020-bf5a-11e7-82b0-2b49db5172e7;SEK;korniychuk;Completed
Friday, May 11, 2018 15:00:22.216;Friday, May 11, 2018 15:00:22.329;Sell;100;SCA B May 18 P 67;;SCA B;Flow: Limit would be breached: Gross value (5294615.20 SEK) exceeds limit (5000000.00 SEK), Net value (2241297.50 SEK) exceeds limit (2000000.00 SEK);0f9e71de-6942-4615-a8a7-76272ad9d3e3;67.00;0;0;0;Anna;0082a75e-0fba-11e8-b930-0967f0150b8a;SEK;korniychuk;Completed
Friday, May 11, 2018 15:00:22.116;Friday, May 11, 2018 15:00:22.189;Buy;100;SCA B Dec 19 P 110;;SCA B;Flow: Limit would be breached: Net value (2119108.50 SEK) exceeds limit (2000000.00 SEK);0f9e71de-6942-4615-a8a7-76272ad9d3e3;110.004;0;0;0;Anna;a3dde138-de6f-11e7-8350-40f006b3031e;SEK;korniychuk;Completed
Friday, May 11, 2018 15:00:22.016;Friday, May 11, 2018 15:00:22.025;Buy;100;SCA B Dec 18 C 190;;SCA B;Flow: Limit would be breached: Gross value (6471219.10 SEK) exceeds limit (5000000.00 SEK), Net value (3819093.60 SEK) exceeds limit (2000000.00 SEK);0f9e71de-6942-4615-a8a7-76272ad9d3e3;189.999;0;0;0;Anna;ccf8d440-e30e-11e6-9b00-6012ef97d5c0;SEK;korniychuk;Completed
Friday, May 11, 2018 15:00:21.915;Friday, May 11, 2018 16:52:32.802;Sell;100;SCA B May 18 C 80;;SCA B;Canceled;0f9e71de-6942-4615-a8a7-76272ad9d3e3;79.996;0;0;0;Anna;0088eb14-0fba-11e8-b930-0967f0150b8a;SEK;korniychuk;Completed
Friday, May 11, 2018 15:00:21.515;Friday, May 11, 2018 16:52:32.804;Sell;100;SCA B Dec 18 P 170;;SCA B;Canceled;0f9e71de-6942-4615-a8a7-76272ad9d3e3;1.005;8;8;0;Anna;cd03b36a-e30e-11e6-9b00-6012ef97d5c0;SEK;korniychuk;Completed
Friday, May 11, 2018 15:00:21.416;Friday, May 11, 2018 15:00:21.497;Sell;100;SCA B Dec 19 C 90;;SCA B;Flow: Limit would be breached: Gross value (5472584.40 SEK) exceeds limit (5000000.00 SEK), Net value (2416417.50 SEK) exceeds limit (2000000.00 SEK);0f9e71de-6942-4615-a8a7-76272ad9d3e3;89.996;0;0;0;Anna;a435100c-de6f-11e7-8350-40f006b3031e;SEK;korniychuk;Completed
Friday, May 11, 2018 15:00:21.116;Friday, May 11, 2018 15:00:21.228;Sell;100;SCA B Dec 18 C 120;;SCA B;Flow: Limit would be breached: Gross value (5427631.40 SEK) exceeds limit (5000000.00 SEK), Net value (2371464.50 SEK) exceeds limit (2000000.00 SEK);0f9e71de-6942-4615-a8a7-76272ad9d3e3;120.003;0;0;0;Anna;cf9aa742-78d1-11e7-9890-86fa8cb05053;SEK;korniychuk;Completed
Friday, May 11, 2018 15:00:21.016;Friday, May 11, 2018 15:00:21.089;Buy;100;SCA B May 18 C 80;;SCA B;Flow: Limit would be breached: Gross value (5019633.00 SEK) exceeds limit (5000000.00 SEK), Net value (2216160.70 SEK) exceeds limit (2000000.00 SEK);0f9e71de-6942-4615-a8a7-76272ad9d3e3;80.00;0;0;0;Anna;0088eb14-0fba-11e8-b930-0967f0150b8a;SEK;korniychuk;Completed
Friday, May 11, 2018 15:00:20.616;Friday, May 11, 2018 15:00:22.318;Buy;100;SCA B Dec 18 P 170;;SCA B;;0f9e71de-6942-4615-a8a7-76272ad9d3e3;1.005;8;8;0;Anna;cd03b36a-e30e-11e6-9b00-6012ef97d5c0;SEK;korniychuk;Completed
Friday, May 11, 2018 15:00:20.516;Friday, May 11, 2018 15:00:20.590;Sell;100;SCA B Sep 18 P 66;;SCA B;Flow: Limit would be breached: Gross value (5409647.90 SEK) exceeds limit (5000000.00 SEK), Net value (2357880.80 SEK) exceeds limit (2000000.00 SEK);0f9e71de-6942-4615-a8a7-76272ad9d3e3;66.003;0;0;0;Anna;d630a51e-bf5a-11e7-82b0-2b49db5172e7;SEK;korniychuk;Completed
Friday, May 11, 2018 15:00:20.215;Friday, May 11, 2018 16:52:32.804;Buy;100;SCA B May 18 C 68;;SCA B;Canceled;0f9e71de-6942-4615-a8a7-76272ad9d3e3;68.004;0;0;0;Anna;00828102-0fba-11e8-b930-0967f0150b8a;SEK;korniychuk;Completed
Friday, May 11, 2018 15:00:20.116;Friday, May 11, 2018 15:00:20.817;Sell;100;SCA B Sep 18 C 62;;SCA B;Canceled;0f9e71de-6942-4615-a8a7-76272ad9d3e3;62.004;0;0;0;Anna;d611278e-bf5a-11e7-82b0-2b49db5172e7;SEK;korniychuk;Completed
Friday, May 11, 2018 15:00:20.016;Friday, May 11, 2018 15:00:20.093;Sell;100;SCA B Jul 18 C 90;;SCA B;Flow: Limit would be breached: Gross value (5205005.90 SEK) exceeds limit (5000000.00 SEK), Net value (2452456.40 SEK) exceeds limit (2000000.00 SEK);0f9e71de-6942-4615-a8a7-76272ad9d3e3;90.001;0;0;0;Anna;13dd446c-4133-11e8-a3f0-9077a52b3977;SEK;korniychuk;Completed
Friday, May 11, 2018 15:00:19.916;Friday, May 11, 2018 15:00:19.923;Sell;100;SCA B Dec 18 P 150;;SCA B;Flow: Limit would be breached: Gross value (5990947.30 SEK) exceeds limit (5000000.00 SEK), Net value (3238397.80 SEK) exceeds limit (2000000.00 SEK);0f9e71de-6942-4615-a8a7-76272ad9d3e3;149.995;0;0;0;Anna;cd0c1c8a-e30e-11e6-9b00-6012ef97d5c0;SEK;korniychuk;Completed
Friday, May 11, 2018 15:00:19.815;Friday, May 11, 2018 15:00:19.817;Sell;100;SCA B May 18 P 90;;SCA B;Flow: Limit would be breached: Net value (2182473.80 SEK) exceeds limit (2000000.00 SEK);0f9e71de-6942-4615-a8a7-76272ad9d3e3;90.005;0;0;0;Anna;2d3c38f4-1083-11e8-b3c0-78411fbd72d8;SEK;korniychuk;Completed
Friday, May 11, 2018 15:00:19.616;Friday, May 11, 2018 15:00:19.726;Sell;100;SCA B Mar 19 C 62;;SCA B;Flow: Limit would be breached: Net value (2033463.30 SEK) exceeds limit (2000000.00 SEK);0f9e71de-6942-4615-a8a7-76272ad9d3e3;62.003;0;0;0;Anna;a6466ee4-25ba-11e8-83b0-ac1e50a63184;SEK;korniychuk;Completed
Friday, May 11, 2018 15:00:19.515;Friday, May 11, 2018 16:52:32.800;Buy;100;SCA B Jul 18 C 82.5;;SCA B;Canceled;0f9e71de-6942-4615-a8a7-76272ad9d3e3;82.505;0;0;0;Anna;13dbd744-4133-11e8-a3f0-9077a52b3977;SEK;korniychuk;Completed
Friday, May 11, 2018 15:00:19.116;Friday, May 11, 2018 15:00:21.717;Sell;100;SCA B Jun 18 P 95;;SCA B;Canceled;0f9e71de-6942-4615-a8a7-76272ad9d3e3;94.996;0;0;0;Anna;a3dcb3d0-de6f-11e7-8350-40f006b3031e;SEK;korniychuk;Completed
Friday, May 11, 2018 15:00:18.815;Friday, May 11, 2018 16:52:32.797;Sell;100;SCA B May 18 P 90;;SCA B;Canceled;0f9e71de-6942-4615-a8a7-76272ad9d3e3;90.007;60;60;0;Anna;2d3c38f4-1083-11e8-b3c0-78411fbd72d8;SEK;korniychuk;Completed
Friday, May 11, 2018 15:00:18.416;Friday, May 11, 2018 15:00:18.490;Buy;100;SCA B Dec 19 C 100;;SCA B;Flow: market data or statistics not available for (SCA B Dec 19 C 100) in Value limit;0f9e71de-6942-4615-a8a7-76272ad9d3e3;;0;0;0;Anna;a3dcb72c-de6f-11e7-8350-40f006b3031e;SEK;korniychuk;Completed
Friday, May 11, 2018 15:00:17.616;Friday, May 11, 2018 15:00:25.217;Buy;100;SCA B Dec 19 P 70;;SCA B;Canceled;0f9e71de-6942-4615-a8a7-76272ad9d3e3;69.997;0;0;0;Anna;a3dcfdea-de6f-11e7-8350-40f006b3031e;SEK;korniychuk;Completed
Friday, May 11, 2018 15:00:17.516;Friday, May 11, 2018 15:00:17.561;Sell;100;SCA B May 18 C 68;;SCA B;Flow: Limit would be breached: Net value (2124219.00 SEK) exceeds limit (2000000.00 SEK);0f9e71de-6942-4615-a8a7-76272ad9d3e3;67.997;0;0;0;Anna;00828102-0fba-11e8-b930-0967f0150b8a;SEK;korniychuk;Completed
Friday, May 11, 2018 15:00:17.416;Friday, May 11, 2018 15:00:17.527;Buy;100;SCA B Sep 18 C 120;;SCA B;Flow: Limit would be breached: Net value (2089999.40 SEK) exceeds limit (2000000.00 SEK);0f9e71de-6942-4615-a8a7-76272ad9d3e3;119.998;0;0;0;Anna;d704e43c-bf5a-11e7-82b0-2b49db5172e7;SEK;korniychuk;Completed
Friday, May 11, 2018 15:00:17.316;Friday, May 11, 2018 15:00:17.389;Sell;100;SCA B Jul 18 C 85;;SCA B;Flow: Limit would be breached: Net value (2372448.90 SEK) exceeds limit (2000000.00 SEK);0f9e71de-6942-4615-a8a7-76272ad9d3e3;85.001;0;0;0;Anna;13db2c40-4133-11e8-a3f0-9077a52b3977;SEK;korniychuk;Completed
Friday, May 11, 2018 15:00:17.016;Friday, May 11, 2018 15:00:26.417;Buy;100;SCA B Jul 18 C 80;;SCA B;Canceled;0f9e71de-6942-4615-a8a7-76272ad9d3e3;79.998;0;0;0;Anna;13dc84fa-4133-11e8-a3f0-9077a52b3977;SEK;korniychuk;Completed
Friday, May 11, 2018 15:00:16.916;Friday, May 11, 2018 15:00:16.990;Sell;100;SCA B May 18 P 72.5;;SCA B;Flow: Limit would be breached: Net value (2069184.40 SEK) exceeds limit (2000000.00 SEK);0f9e71de-6942-4615-a8a7-76272ad9d3e3;72.499;0;0;0;Anna;0082bcd0-0fba-11e8-b930-0967f0150b8a;SEK;korniychuk;Completed
Friday, May 11, 2018 15:00:16.716;Friday, May 11, 2018 15:00:16.791;Sell;100;SCA B Dec 19 P 100;;SCA B;Flow: Limit would be breached: Net value (2151419.90 SEK) exceeds limit (2000000.00 SEK);0f9e71de-6942-4615-a8a7-76272ad9d3e3;99.996;0;0;0;Anna;a427587c-de6f-11e7-8350-40f006b3031e;SEK;korniychuk;Completed
Friday, May 11, 2018 15:00:16.516;Friday, May 11, 2018 15:00:16.589;Sell;100;SCA B May 18 P 75;;SCA B;Flow: Limit would be breached: Net value (2218978.80 SEK) exceeds limit (2000000.00 SEK);0f9e71de-6942-4615-a8a7-76272ad9d3e3;75.005;0;0;0;Anna;0082b7ee-0fba-11e8-b930-0967f0150b8a;SEK;korniychuk;Completed
Friday, May 11, 2018 15:00:16.116;Friday, May 11, 2018 15:00:19.019;Buy;100;SCA B May 18 P 90;;SCA B;;0f9e71de-6942-4615-a8a7-76272ad9d3e3;90.002;60;60;0;Anna;2d3c38f4-1083-11e8-b3c0-78411fbd72d8;SEK;korniychuk;Completed
Friday, May 11, 2018 15:00:15.916;Friday, May 11, 2018 15:00:15.992;Sell;100;SCA B Mar 19 P 58;;SCA B;Flow: Limit would be breached: Net value (2264178.50 SEK) exceeds limit (2000000.00 SEK);0f9e71de-6942-4615-a8a7-76272ad9d3e3;58.005;0;0;0;Anna;a6449b1e-25ba-11e8-83b0-ac1e50a63184;SEK;korniychuk;Completed
Friday, May 11, 2018 15:00:15.416;Friday, May 11, 2018 15:00:16.217;Sell;100;SCA B May 18 C 87.5;;SCA B;Canceled;0f9e71de-6942-4615-a8a7-76272ad9d3e3;87.501;0;0;0;Anna;008296a6-0fba-11e8-b930-0967f0150b8a;SEK;korniychuk;Completed
Friday, May 11, 2018 15:00:15.216;Friday, May 11, 2018 15:00:15.290;Sell;100;SCA B Jun 18 C 290;;SCA B;Flow: Limit would be breached: Net value (4253989.00 SEK) exceeds limit (2000000.00 SEK);0f9e71de-6942-4615-a8a7-76272ad9d3e3;289.999;0;0;0;Anna;09a5be06-4f2c-11e7-9cd0-8908d45735e5;SEK;korniychuk;Completed
Friday, May 11, 2018 15:00:14.916;Friday, May 11, 2018 15:00:15.820;Sell;100;SCA B Sep 18 C 50;;SCA B;Canceled;0f9e71de-6942-4615-a8a7-76272ad9d3e3;49.996;0;0;0;Anna;d6104940-bf5a-11e7-82b0-2b49db5172e7;SEK;korniychuk;Completed
Friday, May 11, 2018 15:00:14.716;Friday, May 11, 2018 15:00:18.617;Buy;100;SCA B Sep 18 P 80;;SCA B;Canceled;0f9e71de-6942-4615-a8a7-76272ad9d3e3;80.005;0;0;0;Anna;d630cf94-bf5a-11e7-82b0-2b49db5172e7;SEK;korniychuk;Completed
Friday, May 11, 2018 15:00:14.616;Friday, May 11, 2018 16:52:32.799;Sell;100;SCA B May 18 P 100;;SCA B;Canceled;0f9e71de-6942-4615-a8a7-76272ad9d3e3;99.996;0;0;0;Anna;cc6402fc-2683-11e8-9ba0-7a3a2e036a60;SEK;korniychuk;Completed
Friday, May 11, 2018 15:00:14.516;Friday, May 11, 2018 15:00:17.817;Sell;100;SCA B Jul 18 C 100;;SCA B;Canceled;0f9e71de-6942-4615-a8a7-76272ad9d3e3;99.995;0;0;0;Anna;13dc760e-4133-11e8-a3f0-9077a52b3977;SEK;korniychuk;Completed
Friday, May 11, 2018 15:00:14.416;Friday, May 11, 2018 16:52:32.801;Sell;100;SCA B Jun 18 C 75;;SCA B;Canceled;0f9e71de-6942-4615-a8a7-76272ad9d3e3;74.999;0;0;0;Anna;a3dd5362-de6f-11e7-8350-40f006b3031e;SEK;korniychuk;Completed
Friday, May 11, 2018 15:00:14.316;Friday, May 11, 2018 15:00:24.517;Sell;100;SCA B Sep 18 P 85;;SCA B;Canceled;0f9e71de-6942-4615-a8a7-76272ad9d3e3;84.998;0;0;0;Anna;a6444e84-25ba-11e8-83b0-ac1e50a63184;SEK;korniychuk;Completed
Friday, May 11, 2018 15:00:14.216;Friday, May 11, 2018 15:00:17.217;Buy;100;SCA B Dec 18 P 350;;SCA B;Canceled;0f9e71de-6942-4615-a8a7-76272ad9d3e3;6.001;0;0;0;Anna;cd0495dc-e30e-11e6-9b00-6012ef97d5c0;SEK;korniychuk;Completed
Friday, May 11, 2018 15:00:14.016;Friday, May 11, 2018 15:00:14.018;Buy;100;SCA B Dec 18 P 190;;SCA B;Add: Rejected, reason [AtMarket orders must have IOC validity];0f9e71de-6942-4615-a8a7-76272ad9d3e3;;0;0;0;Anna;cd03c134-e30e-11e6-9b00-6012ef97d5c0;SEK;korniychuk;Completed
Friday, May 11, 2018 15:00:13.916;Friday, May 11, 2018 15:00:16.017;Buy;100;SCA B Sep 18 C 100;;SCA B;Canceled;0f9e71de-6942-4615-a8a7-76272ad9d3e3;100.005;0;0;0;Anna;d61651f0-bf5a-11e7-82b0-2b49db5172e7;SEK;korniychuk;Completed
Friday, May 11, 2018 14:59:21.463;Friday, May 11, 2018 16:52:32.804;Buy;100;SCA B Dec 18 P 190;;SCA B;Canceled;0f9e71de-6942-4615-a8a7-76272ad9d3e3;2.00;0;0;0;Unassigned;cd03c134-e30e-11e6-9b00-6012ef97d5c0;SEK;korniychuk;Completed
